{"business_id": "384457bc-4ef9-429a-a17b-17f6c8997ae9", "name": "Green Walker Spot", "address": "819 Johnson Course", "city": "Toronto", "state": "ON", "postal_code": "MBV R1P", "latitude": -31.3098155, "longitude": -55.091133, "stars": 3.5, "review_count": 62, "is_open": true, "categories": "Restaurants", "attributes": {"RestaurantsPriceRange2": "1", "WiFi": "no", "OutdoorSeating": "False", "RestaurantsDelivery": "True", "RestaurantsTakeOut": "True"}, "hours": {"Monday": "11:0-22:0", "Tuesday": "11:0-22:0", "Wednesday": "11:0-22:0", "Thursday": "11:0-22:0", "Friday": "11:0-23:0", "Saturday": "10:0-23:0", "Sunday": "10:0-21:0"}}
{"business_id": "36286628-c45e-4e40-97ef-0ad66d1ad132", "name": "The Cozy Place", "address": "386 Shane Harbors", "city": "Las Vegas", "state": "NV", "postal_code": "89189", "latitude": -88.2555025, "longitude": -94.28356, "stars": 4.5, "review_count": 369, "is_open": true, "categories": "Food", "attributes": {"RestaurantsPriceRange2": "2", "WiFi": "paid", "OutdoorSeating": "False", "RestaurantsDelivery": "True", "RestaurantsTakeOut": "True"}, "hours": {"Monday": "11:0-22:0", "Tuesday": "11:0-22:0", "Wednesday": "11:0-22:0", "Thursday": "11:0-22:0", "Friday": "11:0-23:0", "Saturday": "10:0-23:0", "Sunday": "10:0-21:0"}}
{"business_id": "ab79642e-ca57-4d77-86c9-ed1efdc6a4a3", "name": "Susan's Place", "address": "16155 Roman Stream Suite 816", "city": "Toronto", "state": "ON", "postal_code": "MVR J6N", "latitude": -68.8472335, "longitude": 116.374558, "stars": 5.0, "review_count": 182, "is_open": true, "categories": "Bars, Food", "attributes": {"RestaurantsPriceRange2": "4", "WiFi": "free", "OutdoorSeating": "False", "RestaurantsDelivery": "False", "RestaurantsTakeOut": "False"}, "hours": {"Monday": "11:0-22:0", "Tuesday": "11:0-22:0", "Wednesday": "11:0-22:0", "Thursday": "11:0-22:0", "Friday": "11:0-23:0", "Saturday": "10:0-23:0", "Sunday": "10:0-21:0"}}
{"business_id": "450e6380-cd1f-4cdb-8ac2-cd26ff60a3c9", "name": "Bistro Mcclure", "address": "310 Kendra Common Apt. 164", "city": "Las Vegas", "state": "NV", "postal_code": "89149", "latitude": 31.711401, "longitude": 161.280485, "stars": 4.0, "review_count": 434, "is_open": true, "categories": "Cafes, Bars, Restaurants", "attributes": {"RestaurantsPriceRange2": "3", "WiFi": "no", "OutdoorSeating": "True", "RestaurantsDelivery": "True", "RestaurantsTakeOut": "True"}, "hours": {"Monday": "11:0-22:0", "Tuesday": "11:0-22:0", "Wednesday": "11:0-22:0", "Thursday": "11:0-22:0", "Friday": "11:0-23:0", "Saturday": "10:0-23:0", "Sunday": "10:0-21:0"}}
{"business_id": "d0dc4413-2335-4658-ab67-0c97964063fa", "name": "The Green Cafe", "address": "192 Frank Light Suite 835", "city": "Toronto", "state": "ON", "postal_code": "MKX W5N", "latitude": -74.9842715, "longitude": -57.030753, "stars": 4.0, "review_count": 242, "is_open": true, "categories": "Bars", "attributes": {"RestaurantsPriceRange2": "3", "WiFi": "free", "OutdoorSeating": "False", "RestaurantsDelivery": "False", "RestaurantsTakeOut": "True"}, "hours": {"Monday": "11:0-22:0", "Tuesday": "11:0-22:0", "Wednesday": "11:0-22:0", "Thursday": "11:0-22:0", "Friday": "11:0-23:0", "Saturday": "10:0-23:0", "Sunday": "10:0-21:0"}}
{"business_id": "463c0d8b-3b7b-4eb6-987e-d8f12f084757", "name": "Carl's Cup", "address": "76724 John Points Suite 969", "city": "Toronto", "state": "ON", "postal_code": "MZU Z0R", "latitude": 17.213257, "longitude": 14.345362, "stars": 4.5, "review_count": 93, "is_open": true, "categories": "Restaurants, Bars", "attributes": {"RestaurantsPriceRange2": "3", "WiFi": "no", "OutdoorSeating": "True", "RestaurantsDelivery": "False", "RestaurantsTakeOut": "True"}, "hours": {"Monday": "11:0-22:0", "Tuesday": "11:0-22:0", "Wednesday": "11:0-22:0", "Thursday": "11:0-22:0", "Friday": "11:0-23:0", "Saturday": "10:0-23:0", "Sunday": "10:0-21:0"}}
{"business_id": "e052a391-5444-4394-a172-552f7e80e9be", "name": "Corner Hicks", "address": "12269 Paul Ranch", "city": "Las Vegas", "state": "NV", "postal_code": "89132", "latitude": 35.641184, "longitude": 104.066101, "stars": 3.0, "review_count": 477, "is_open": false, "categories": "Bars", "attributes": {"RestaurantsPriceRange2": "3", "WiFi": "free", "OutdoorSeating": "False", "RestaurantsDelivery": "False", "RestaurantsTakeOut": "False"}, "hours": {"Monday": "11:0-22:0", "Tuesday": "11:0-22:0", "Wednesday": "11:0-22:0", "Thursday": "11:0-22:0", "Friday": "11:0-23:0", "Saturday": "10:0-23:0", "Sunday": "10:0-21:0"}}
{"business_id": "8260dfc2-77e8-473a-82d2-e951944f76a4", "name": "Elegant Valencia Plate", "address": "184 Rodriguez Mews", "city": "Las Vegas", "state": "NV", "postal_code": "89148", "latitude": -47.5448515, "longitude": 63.59106, "stars": 4.5, "review_count": 214, "is_open": true, "categories": "Food, Restaurants", "attributes": {"RestaurantsPriceRange2": "2", "WiFi": "no", "OutdoorSeating": "False", "RestaurantsDelivery": "True", "RestaurantsTakeOut": "True"}, "hours": {"Monday": "11:0-22:0", "Tuesday": "11:0-22:0", "Wednesday": "11:0-22:0", "Thursday": "11:0-22:0", "Friday": "11:0-23:0", "Saturday": "10:0-23:0", "Sunday": "10:0-21:0"}}
{"business_id": "23f1f740-6c52-490f-a880-7ac048b33812", "name": "Bite Stanton", "address": "148 Eric Track", "city": "Las Vegas", "state": "NV", "postal_code": "89104", "latitude": -46.634511, "longitude": 109.576908, "stars": 3.0, "review_count": 205, "is_open": true, "categories": "Food", "attributes": {"RestaurantsPriceRange2": "4", "WiFi": "no", "OutdoorSeating": "False", "RestaurantsDelivery": "True", "RestaurantsTakeOut": "True"}, "hours": {"Monday": "11:0-22:0", "Tuesday": "11:0-22:0", "Wednesday": "11:0-22:0", "Thursday": "11:0-22:0", "Friday": "11:0-23:0", "Saturday": "10:0-23:0", "Sunday": "10:0-21:0"}}
{"business_id": "31200c66-015c-4839-8e08-19e345027d58", "name": "The Mountain Plate", "address": "54303 Christopher Oval", "city": "Toronto", "state": "ON", "postal_code": "MAM U8F", "latitude": -71.4209075, "longitude": 105.994444, "stars": 3.5, "review_count": 11, "is_open": false, "categories": "Bars, Cafes, Food", "attributes": {"RestaurantsPriceRange2": "3", "WiFi": "no", "OutdoorSeating": "True", "RestaurantsDelivery": "True", "RestaurantsTakeOut": "False"}, "hours": {"Monday": "11:0-22:0", "Tuesday": "11:0-22:0", "Wednesday": "11:0-22:0", "Thursday": "11:0-22:0", "Friday": "11:0-23:0", "Saturday": "10:0-23:0", "Sunday": "10:0-21:0"}}
{"business_id": "a61aa85d-2f72-4a62-9890-043ba2077687", "name": "Frederick's Cup", "address": "83465 Lam Mission Apt. 331", "city": "Toronto", "state": "ON", "postal_code": "MIQ E2J", "latitude": 0.7541535, "longitude": -168.707317, "stars": 5.0, "review_count": 482, "is_open": true, "categories": "Food, Restaurants, Cafes", "attributes": {"RestaurantsPriceRange2": "1", "WiFi": "no", "OutdoorSeating": "False", "RestaurantsDelivery": "False", "RestaurantsTakeOut": "True"}, "hours": {"Monday": "11:0-22:0", "Tuesday": "11:0-22:0", "Wednesday": "11:0-22:0", "Thursday": "11:0-22:0", "Friday": "11:0-23:0", "Saturday": "10:0-23:0", "Sunday": "10:0-21:0"}}
{"business_id": "31cb78bf-0da8-46ad-8857-718717389f9d", "name": "The Green Sip", "address": "301 Jeremy Bypass", "city": "Las Vegas", "state": "NV", "postal_code": "89198", "latitude": -1.3012765, "longitude": -141.95875, "stars": 5.0, "review_count": 53, "is_open": true, "categories": "Bars, Restaurants", "attributes": {"RestaurantsPriceRange2": "1", "WiFi": "no", "OutdoorSeating": "True", "RestaurantsDelivery": "True", "RestaurantsTakeOut": "False"}, "hours": {"Monday": "11:0-22:0", "Tuesday": "11:0-22:0", "Wednesday": "11:0-22:0", "Thursday": "11:0-22:0", "Friday": "11:0-23:0", "Saturday": "10:0-23:0", "Sunday": "10:0-21:0"}}
{"business_id": "f5eb0e50-6629-437f-a29f-fcaefb199679", "name": "Place Lewis", "address": "997 Kristen Valley", "city": "Toronto", "state": "ON", "postal_code": "MPR Q8F", "latitude": 19.269327, "longitude": -77.774453, "stars": 5.0, "review_count": 396, "is_open": true, "categories": "Bars", "attributes": {"RestaurantsPriceRange2": "2", "WiFi": "no", "OutdoorSeating": "False", "RestaurantsDelivery": "False", "RestaurantsTakeOut": "False"}, "hours": {"Monday": "11:0-22:0", "Tuesday": "11:0-22:0", "Wednesday": "11:0-22:0", "Thursday": "11:0-22:0", "Friday": "11:0-23:0", "Saturday": "10:0-23:0", "Sunday": "10:0-21:0"}}
{"business_id": "2e31d27a-16ee-455b-bd42-3efde0fbe561", "name": "Donna's Bistro", "address": "6701 Richard Junction Apt. 333", "city": "Phoenix", "state": "AZ", "postal_code": "85011", "latitude": 53.95811, "longitude": 60.847567, "stars": 4.0, "review_count": 311, "is_open": true, "categories": "Cafes, Restaurants, Bars", "attributes": {"RestaurantsPriceRange2": "2", "WiFi": "free", "OutdoorSeating": "True", "RestaurantsDelivery": "True", "RestaurantsTakeOut": "True"}, "hours": {"Monday": "11:0-22:0", "Tuesday": "11:0-22:0", "Wednesday": "11:0-22:0", "Thursday": "11:0-22:0", "Friday": "11:0-23:0", "Saturday": "10:0-23:0", "Sunday": "10:0-21:0"}}
{"business_id": "885cd7b6-3912-46ef-bcd9-f6966cf0a6c9", "name": "The Rustic Spot", "address": "7317 Brent Plains", "city": "Las Vegas", "state": "NV", "postal_code": "89126", "latitude": -86.0384695, "longitude": -129.92993, "stars": 3.5, "review_count": 258, "is_open": true, "categories": "Bars", "attributes": {"RestaurantsPriceRange2": "2", "WiFi": "no", "OutdoorSeating": "False", "RestaurantsDelivery": "True", "RestaurantsTakeOut": "False"}, "hours": {"Monday": "11:0-22:0", "Tuesday": "11:0-22:0", "Wednesday": "11:0-22:0", "Thursday": "11:0-22:0", "Friday": "11:0-23:0", "Saturday": "10:0-23:0", "Sunday": "10:0-21:0"}}
{"business_id": "fd0d559b-b6ae-42f0-95dc-6aead22b2bb4", "name": "The Urban Room", "address": "7360 Nicholas Loaf Suite 746", "city": "Phoenix", "state": "AZ", "postal_code": "85032", "latitude": 59.187923, "longitude": 175.339452, "stars": 4.0, "review_count": 249, "is_open": false, "categories": "Restaurants", "attributes": {"RestaurantsPriceRange2": "1", "WiFi": "no", "OutdoorSeating": "True", "RestaurantsDelivery": "True", "RestaurantsTakeOut": "False"}, "hours": {"Monday": "11:0-22:0", "Tuesday": "11:0-22:0", "Wednesday": "11:0-22:0", "Thursday": "11:0-22:0", "Friday": "11:0-23:0", "Saturday": "10:0-23:0", "Sunday": "10:0-21:0"}}
{"business_id": "19c91bfb-d075-4732-8f61-58eea8df3317", "name": "Tanya's Place", "address": "500 Shaw Walk", "city": "Toronto", "state": "ON", "postal_code": "MJM S7N", "latitude": 52.5730875, "longitude": -95.478948, "stars": 4.0, "review_count": 81, "is_open": true, "categories": "Restaurants, Cafes", "attributes": {"RestaurantsPriceRange2": "3", "WiFi": "paid", "OutdoorSeating": "True", "RestaurantsDelivery": "True", "RestaurantsTakeOut": "False"}, "hours": {"Monday": "11:0-22:0", "Tuesday": "11:0-22:0", "Wednesday": "11:0-22:0", "Thursday": "11:0-22:0", "Friday": "11:0-23:0", "Saturday": "10:0-23:0", "Sunday": "10:0-21:0"}}
{"business_id": "490fa74d-09b9-4560-94b4-63d0bf6057f4", "name": "The Red Spot", "address": "361 Beth Canyon", "city": "Toronto", "state": "ON", "postal_code": "MGF L0E", "latitude": 76.263958, "longitude": -135.985494, "stars": 3.5, "review_count": 258, "is_open": true, "categories": "Restaurants", "attributes": {"RestaurantsPriceRange2": "4", "WiFi": "free", "OutdoorSeating": "True", "RestaurantsDelivery": "False", "RestaurantsTakeOut": "True"}, "hours": {"Monday": "11:0-22:0", "Tuesday": "11:0-22:0", "Wednesday": "11:0-22:0", "Thursday": "11:0-22:0", "Friday": "11:0-23:0", "Saturday": "10:0-23:0", "Sunday": "10:0-21:0"}}
{"business_id": "a2954021-7c15-40f8-8763-0dc33bf3eda5", "name": "Cup Cunningham", "address": "3534 Anderson Rue Suite 751", "city": "Phoenix", "state": "AZ", "postal_code": "85069", "latitude": -87.499401, "longitude": 66.040164, "stars": 4.0, "review_count": 259, "is_open": true, "categories": "Cafes, Food", "attributes": {"RestaurantsPriceRange2": "3", "WiFi": "free", "OutdoorSeating": "True", "RestaurantsDelivery": "True", "RestaurantsTakeOut": "False"}, "hours": {"Monday": "11:0-22:0", "Tuesday": "11:0-22:0", "Wednesday": "11:0-22:0", "Thursday": "11:0-22:0", "Friday": "11:0-23:0", "Saturday": "10:0-23:0", "Sunday": "10:0-21:0"}}
{"business_id": "fe16fd15-fe21-4e91-92c7-4434f6a64782", "name": "Wendy's Grill", "address": "384 Sarah Cliff", "city": "Las Vegas", "state": "NV", "postal_code": "89199", "latitude": -24.425402, "longitude": 18.388346, "stars": 5.0, "review_count": 51, "is_open": false, "categories": "Cafes", "attributes": {"RestaurantsPriceRange2": "1", "WiFi": "no", "OutdoorSeating": "True", "RestaurantsDelivery": "True", "RestaurantsTakeOut": "False"}, "hours": {"Monday": "11:0-22:0", "Tuesday": "11:0-22:0", "Wednesday": "11:0-22:0", "Thursday": "11:0-22:0", "Friday": "11:0-23:0", "Saturday": "10:0-23:0", "Sunday": "10:0-21:0"}}
{"business_id": "b600a7fe-0780-4ed0-adc5-1503da4c2e39", "name": "The Urban Sip", "address": "498 Elizabeth Plaza Suite 124", "city": "Las Vegas", "state": "NV", "postal_code": "89142", "latitude": -59.0148535, "longitude": -122.535499, "stars": 4.0, "review_count": 171, "is_open": false, "categories": "Food, Bars, Restaurants", "attributes": {"RestaurantsPriceRange2": "2", "WiFi": "no", "OutdoorSeating": "False", "RestaurantsDelivery": "True", "RestaurantsTakeOut": "False"}, "hours": {"Monday": "11:0-22:0", "Tuesday": "11:0-22:0", "Wednesday": "11:0-22:0", "Thursday": "11:0-22:0", "Friday": "11:0-23:0", "Saturday": "10:0-23:0", "Sunday": "10:0-21:0"}}
{"business_id": "2bdaecf6-8b4c-4419-a0e5-af961a231dc9", "name": "Terrace Nelson", "address": "534 King Vista", "city": "Phoenix", "state": "AZ", "postal_code": "85082", "latitude": -76.3637755, "longitude": -130.447639, "stars": 5.0, "review_count": 489, "is_open": true, "categories": "Bars", "attributes": {"RestaurantsPriceRange2": "4", "WiFi": "no", "OutdoorSeating": "True", "RestaurantsDelivery": "True", "RestaurantsTakeOut": "True"}, "hours": {"Monday": "11:0-22:0", "Tuesday": "11:0-22:0", "Wednesday": "11:0-22:0", "Thursday": "11:0-22:0", "Friday": "11:0-23:0", "Saturday": "10:0-23:0", "Sunday": "10:0-21:0"}}
{"business_id": "853305c8-c5e6-4e62-93af-72e4c032bb37", "name": "The Green Room", "address": "427 Hoffman Creek", "city": "Toronto", "state": "ON", "postal_code": "MRC A6V", "latitude": -69.801882, "longitude": -99.977089, "stars": 3.5, "review_count": 234, "is_open": true, "categories": "Food, Cafes", "attributes": {"RestaurantsPriceRange2": "3", "WiFi": "no", "OutdoorSeating": "True", "RestaurantsDelivery": "False", "RestaurantsTakeOut": "True"}, "hours": {"Monday": "11:0-22:0", "Tuesday": "11:0-22:0", "Wednesday": "11:0-22:0", "Thursday": "11:0-22:0", "Friday": "11:0-23:0", "Saturday": "10:0-23:0", "Sunday": "10:0-21:0"}}
{"business_id": "3ef3f2c0-6aae-410c-b975-59a9dfffdd8f", "name": "Mary's Corner", "address": "2045 Rachel Fords", "city": "Las Vegas", "state": "NV", "postal_code": "89180", "latitude": -23.017372, "longitude": 178.057151, "stars": 3.5, "review_count": 117, "is_open": true, "categories": "Restaurants, Cafes", "attributes": {"RestaurantsPriceRange2": "2", "WiFi": "no", "OutdoorSeating": "False", "RestaurantsDelivery": "False", "RestaurantsTakeOut": "False"}, "hours": {"Monday": "11:0-22:0", "Tuesday": "11:0-22:0", "Wednesday": "11:0-22:0", "Thursday": "11:0-22:0", "Friday": "11:0-23:0", "Saturday": "10:0-23:0", "Sunday": "10:0-21:0"}}
{"business_id": "40ff34c1-2c9e-4ca1-ab16-db898e6eadd3", "name": "Blue Deleon Kitchen", "address": "232 Nicole Burg Apt. 563", "city": "Las Vegas", "state": "NV", "postal_code": "89115", "latitude": -18.3798875, "longitude": -94.53131, "stars": 4.0, "review_count": 76, "is_open": true, "categories": "Cafes", "attributes": {"RestaurantsPriceRange2": "3", "WiFi": "free", "OutdoorSeating": "False", "RestaurantsDelivery": "False", "RestaurantsTakeOut": "True"}, "hours": {"Monday": "11:0-22:0", "Tuesday": "11:0-22:0", "Wednesday": "11:0-22:0", "Thursday": "11:0-22:0", "Friday": "11:0-23:0", "Saturday": "10:0-23:0", "Sunday": "10:0-21:0"}}
{"business_id": "8c5d5c5a-9e30-4675-84f3-68cef0ca6782", "name": "The River Sip", "address": "3375 Hoover Well", "city": "Las Vegas", "state": "NV", "postal_code": "89116", "latitude": -28.9053005, "longitude": -60.31883, "stars": 4.0, "review_count": 230, "is_open": true, "categories": "Food", "attributes": {"RestaurantsPriceRange2": "3", "WiFi": "paid", "OutdoorSeating": "True", "RestaurantsDelivery": "False", "RestaurantsTakeOut": "True"}, "hours": {"Monday": "11:0-22:0", "Tuesday": "11:0-22:0", "Wednesday": "11:0-22:0", "Thursday": "11:0-22:0", "Friday": "11:0-23:0", "Saturday": "10:0-23:0", "Sunday": "10:0-21:0"}}
{"business_id": "f94ded3c-b542-46b7-935a-f69e948a172a", "name": "Cozy Ramirez Plate", "address": "5868 Crosby Crescent", "city": "Toronto", "state": "ON", "postal_code": "MQM Z0V", "latitude": -19.8805795, "longitude": -84.132133, "stars": 5.0, "review_count": 393, "is_open": true, "categories": "Restaurants", "attributes": {"RestaurantsPriceRange2": "2", "WiFi": "free", "OutdoorSeating": "True", "RestaurantsDelivery": "False", "RestaurantsTakeOut": "True"}, "hours": {"Monday": "11:0-22:0", "Tuesday": "11:0-22:0", "Wednesday": "11:0-22:0", "Thursday": "11:0-22:0", "Friday": "11:0-23:0", "Saturday": "10:0-23:0", "Sunday": "10:0-21:0"}}
{"business_id": "a2e68e4d-688d-4080-a317-bf4a83efd36e", "name": "Lucky Johnson Cafe", "address": "5698 Paul Ports Apt. 406", "city": "Las Vegas", "state": "NV", "postal_code": "89194", "latitude": -89.546002, "longitude": 99.13011, "stars": 4.0, "review_count": 29, "is_open": false, "categories": "Bars, Food, Restaurants", "attributes": {"RestaurantsPriceRange2": "2", "WiFi": "free", "OutdoorSeating": "False", "RestaurantsDelivery": "False", "RestaurantsTakeOut": "False"}, "hours": {"Monday": "11:0-22:0", "Tuesday": "11:0-22:0", "Wednesday": "11:0-22:0", "Thursday": "11:0-22:0", "Friday": "11:0-23:0", "Saturday": "10:0-23:0", "Sunday": "10:0-21:0"}}
{"business_id": "03848f69-5c6d-4039-a374-8f63d431391d", "name": "Michael's Table", "address": "595 Jennifer Hills", "city": "Las Vegas", "state": "NV", "postal_code": "89183", "latitude": 46.1296615, "longitude": -13.954062, "stars": 4.0, "review_count": 452, "is_open": true, "categories": "Restaurants", "attributes": {"RestaurantsPriceRange2": "3", "WiFi": "paid", "OutdoorSeating": "False", "RestaurantsDelivery": "False", "RestaurantsTakeOut": "True"}, "hours": {"Monday": "11:0-22:0", "Tuesday": "11:0-22:0", "Wednesday": "11:0-22:0", "Thursday": "11:0-22:0", "Friday": "11:0-23:0", "Saturday": "10:0-23:0", "Sunday": "10:0-21:0"}}
{"business_id": "b4eee3d2-0631-4a78-87e7-3a1429df131e", "name": "Blue Powell Cafe", "address": "236 Byrd Extensions Suite 680", "city": "Las Vegas", "state": "NV", "postal_code": "89165", "latitude": -8.429189, "longitude": -25.964371, "stars": 4.0, "review_count": 186, "is_open": true, "categories": "Food, Bars", "attributes": {"RestaurantsPriceRange2": "3", "WiFi": "paid", "OutdoorSeating": "True", "RestaurantsDelivery": "False", "RestaurantsTakeOut": "True"}, "hours": {"Monday": "11:0-22:0", "Tuesday": "11:0-22:0", "Wednesday": "11:0-22:0", "Thursday": "11:0-22:0", "Friday": "11:0-23:0", "Saturday": "10:0-23:0", "Sunday": "10:0-21:0"}}
{"business_id": "5750bdc4-bb93-44e2-8990-5c813acc8255", "name": "The Rustic Cup", "address": "7738 Leon Underpass Apt. 148", "city": "Phoenix", "state": "AZ", "postal_code": "85036", "latitude": 88.201907, "longitude": 159.807534, "stars": 4.0, "review_count": 491, "is_open": true, "categories": "Cafes", "attributes": {"RestaurantsPriceRange2": "2", "WiFi": "paid", "OutdoorSeating": "False", "RestaurantsDelivery": "True", "RestaurantsTakeOut": "False"}, "hours": {"Monday": "11:0-22:0", "Tuesday": "11:0-22:0", "Wednesday": "11:0-22:0", "Thursday": "11:0-22:0", "Friday": "11:0-23:0", "Saturday": "10:0-23:0", "Sunday": "10:0-21:0"}}
{"business_id": "8e6cd833-a60c-4942-927a-1e1983fd12ef", "name": "Rustic Chambers Garden", "address": "20037 Stanley Roads", "city": "Toronto", "state": "ON", "postal_code": "MVF W9P", "latitude": 64.5304805, "longitude": -75.613379, "stars": 4.0, "review_count": 177, "is_open": true, "categories": "Restaurants, Bars", "attributes": {"RestaurantsPriceRange2": "3", "WiFi": "no", "OutdoorSeating": "True", "RestaurantsDelivery": "True", "RestaurantsTakeOut": "False"}, "hours": {"Monday": "11:0-22:0", "Tuesday": "11:0-22:0", "Wednesday": "11:0-22:0", "Thursday": "11:0-22:0", "Friday": "11:0-23:0", "Saturday": "10:0-23:0", "Sunday": "10:0-21:0"}}
{"business_id": "3219b657-a288-454f-9d5c-6946f9c35de2", "name": "Valley Douglas Cup", "address": "63287 Angela Vista", "city": "Toronto", "state": "ON", "postal_code": "MFZ P6J", "latitude": -57.423049, "longitude": 65.061079, "stars": 4.5, "review_count": 165, "is_open": true, "categories": "Food, Bars", "attributes": {"RestaurantsPriceRange2": "4", "WiFi": "no", "OutdoorSeating": "False", "RestaurantsDelivery": "False", "RestaurantsTakeOut": "False"}, "hours": {"Monday": "11:0-22:0", "Tuesday": "11:0-22:0", "Wednesday": "11:0-22:0", "Thursday": "11:0-22:0", "Friday": "11:0-23:0", "Saturday": "10:0-23:0", "Sunday": "10:0-21:0"}}
{"business_id": "9f44e58c-d8db-4f09-82f1-22dd8d7c0c73", "name": "Elizabeth's Bistro", "address": "9868 Merritt Summit Suite 743", "city": "Phoenix", "state": "AZ", "postal_code": "85027", "latitude": 81.1709385, "longitude": -31.119604, "stars": 3.5, "review_count": 349, "is_open": true, "categories": "Food, Bars, Cafes", "attributes": {"RestaurantsPriceRange2": "3", "WiFi": "free", "OutdoorSeating": "True", "RestaurantsDelivery": "False", "RestaurantsTakeOut": "True"}, "hours": {"Monday": "11:0-22:0", "Tuesday": "11:0-22:0", "Wednesday": "11:0-22:0", "Thursday": "11:0-22:0", "Friday": "11:0-23:0", "Saturday": "10:0-23:0", "Sunday": "10:0-21:0"}}
{"business_id": "2fe3fa99-bb1f-42e5-868c-9f2ea597ce34", "name": "The Green Fork", "address": "7143 Rogers Plains", "city": "Las Vegas", "state": "NV", "postal_code": "89187", "latitude": -68.3700995, "longitude": -105.710992, "stars": 4.0, "review_count": 403, "is_open": true, "categories": "Restaurants", "attributes": {"RestaurantsPriceRange2": "4", "WiFi": "no", "OutdoorSeating": "True", "RestaurantsDelivery": "False", "RestaurantsTakeOut": "False"}, "hours": {"Monday": "11:0-22:0", "Tuesday": "11:0-22:0", "Wednesday": "11:0-22:0", "Thursday": "11:0-22:0", "Friday": "11:0-23:0", "Saturday": "10:0-23:0", "Sunday": "10:0-21:0"}}
{"business_id": "5927f246-a01f-48f6-bde3-f5a6afea5ba1", "name": "The Royal Plate", "address": "231 Russell Plains Suite 603", "city": "Phoenix", "state": "AZ", "postal_code": "85023", "latitude": 22.7814175, "longitude": 29.098769, "stars": 3.5, "review_count": 421, "is_open": false, "categories": "Food", "attributes": {"RestaurantsPriceRange2": "4", "WiFi": "free", "OutdoorSeating": "True", "RestaurantsDelivery": "True", "RestaurantsTakeOut": "False"}, "hours": {"Monday": "11:0-22:0", "Tuesday": "11:0-22:0", "Wednesday": "11:0-22:0", "Thursday": "11:0-22:0", "Friday": "11:0-23:0", "Saturday": "10:0-23:0", "Sunday": "10:0-21:0"}}
{"business_id": "3f4cbdf9-4330-4b2a-8d07-439324b2c7e7", "name": "Cup Gates", "address": "0546 Medina Street Apt. 734", "city": "Las Vegas", "state": "NV", "postal_code": "89190", "latitude": 26.9938295, "longitude": 80.727063, "stars": 4.0, "review_count": 91, "is_open": true, "categories": "Bars, Food", "attributes": {"RestaurantsPriceRange2": "4", "WiFi": "paid", "OutdoorSeating": "False", "RestaurantsDelivery": "True", "RestaurantsTakeOut": "False"}, "hours": {"Monday": "11:0-22:0", "Tuesday": "11:0-22:0", "Wednesday": "11:0-22:0", "Thursday": "11:0-22:0", "Friday": "11:0-23:0", "Saturday": "10:0-23:0", "Sunday": "10:0-21:0"}}
{"business_id": "0b30ac16-b89a-440a-8b79-2069d6048cd2", "name": "Bistro Yates", "address": "2980 Vargas Shore", "city": "Toronto", "state": "ON", "postal_code": "MYV Q0R", "latitude": -82.7248485, "longitude": -134.931052, "stars": 4.5, "review_count": 130, "is_open": true, "categories": "Food, Cafes", "attributes": {"RestaurantsPriceRange2": "3", "WiFi": "no", "OutdoorSeating": "True", "RestaurantsDelivery": "True", "RestaurantsTakeOut": "True"}, "hours": {"Monday": "11:0-22:0", "Tuesday": "11:0-22:0", "Wednesday": "11:0-22:0", "Thursday": "11:0-22:0", "Friday": "11:0-23:0", "Saturday": "10:0-23:0", "Sunday": "10:0-21:0"}}
{"business_id": "336d8ef8-f3bd-405e-acb9-f348d9cab7c5", "name": "Michelle's Bistro", "address": "46537 Rogers Light", "city": "Las Vegas", "state": "NV", "postal_code": "89162", "latitude": -15.3060585, "longitude": 46.325894, "stars": 4.0, "review_count": 179, "is_open": true, "categories": "Food, Bars", "attributes": {"RestaurantsPriceRange2": "4", "WiFi": "free", "OutdoorSeating": "True", "RestaurantsDelivery": "False", "RestaurantsTakeOut": "False"}, "hours": {"Monday": "11:0-22:0", "Tuesday": "11:0-22:0", "Wednesday": "11:0-22:0", "Thursday": "11:0-22:0", "Friday": "11:0-23:0", "Saturday": "10:0-23:0", "Sunday": "10:0-21:0"}}
{"business_id": "0e2b8cbb-b54b-45bd-a0b2-e7f3112a5f32", "name": "Kitchen Ryan", "address": "10033 Christine Garden Apt. 719", "city": "Toronto", "state": "ON", "postal_code": "MFE B4V", "latitude": -31.4905885, "longitude": 69.663219, "stars": 5.0, "review_count": 162, "is_open": true, "categories": "Restaurants, Bars, Food", "attributes": {"RestaurantsPriceRange2": "4", "WiFi": "no", "OutdoorSeating": "True", "RestaurantsDelivery": "False", "RestaurantsTakeOut": "True"}, "hours": {"Monday": "11:0-22:0", "Tuesday": "11:0-22:0", "Wednesday": "11:0-22:0", "Thursday": "11:0-22:0", "Friday": "11:0-23:0", "Saturday": "10:0-23:0", "Sunday": "10:0-21:0"}}
{"business_id": "c02b5f96-8cc8-4879-9863-ee51da5468ef", "name": "Terrace Jackson", "address": "41904 Sanders Stravenue", "city": "Phoenix", "state": "AZ", "postal_code": "85045", "latitude": -36.7612555, "longitude": -139.199704, "stars": 4.0, "review_count": 418, "is_open": true, "categories": "Cafes, Restaurants", "attributes": {"RestaurantsPriceRange2": "2", "WiFi": "paid", "OutdoorSeating": "True", "RestaurantsDelivery": "True", "RestaurantsTakeOut": "False"}, "hours": {"Monday": "11:0-22:0", "Tuesday": "11:0-22:0", "Wednesday": "11:0-22:0", "Thursday": "11:0-22:0", "Friday": "11:0-23:0", "Saturday": "10:0-23:0", "Sunday": "10:0-21:0"}}
{"business_id": "55d2b516-0ed2-4ab0-a173-79e6f103bc6b", "name": "Heidi's Bowl", "address": "919 Michael Meadow Suite 185", "city": "Toronto", "state": "ON", "postal_code": "MSO P9G", "latitude": -86.6037155, "longitude": 45.517319, "stars": 3.5, "review_count": 143, "is_open": true, "categories": "Restaurants, Cafes, Food", "attributes": {"RestaurantsPriceRange2": "2", "WiFi": "paid", "OutdoorSeating": "False", "RestaurantsDelivery": "False", "RestaurantsTakeOut": "False"}, "hours": {"Monday": "11:0-22:0", "Tuesday": "11:0-22:0", "Wednesday": "11:0-22:0", "Thursday": "11:0-22:0", "Friday": "11:0-23:0", "Saturday": "10:0-23:0", "Sunday": "10:0-21:0"}}
{"business_id": "de861024-e421-420a-a556-e467be480021", "name": "Kitchen Hamilton", "address": "726 Jessica Run Suite 987", "city": "Phoenix", "state": "AZ", "postal_code": "85071", "latitude": 34.7886035, "longitude": 53.847273, "stars": 4.5, "review_count": 36, "is_open": false, "categories": "Bars, Restaurants", "attributes": {"RestaurantsPriceRange2": "3", "WiFi": "free", "OutdoorSeating": "True", "RestaurantsDelivery": "True", "RestaurantsTakeOut": "True"}, "hours": {"Monday": "11:0-22:0", "Tuesday": "11:0-22:0", "Wednesday": "11:0-22:0", "Thursday": "11:0-22:0", "Friday": "11:0-23:0", "Saturday": "10:0-23:0", "Sunday": "10:0-21:0"}}
{"business_id": "c2e254da-a94b-4a1f-872f-7bb654251905", "name": "Marcus's Spot", "address": "47379 Rogers Park", "city": "Las Vegas", "state": "NV", "postal_code": "89194", "latitude": -2.754674, "longitude": -82.375472, "stars": 3.5, "review_count": 352, "is_open": true, "categories": "Restaurants", "attributes": {"RestaurantsPriceRange2": "2", "WiFi": "paid", "OutdoorSeating": "False", "RestaurantsDelivery": "False", "RestaurantsTakeOut": "True"}, "hours": {"Monday": "11:0-22:0", "Tuesday": "11:0-22:0", "Wednesday": "11:0-22:0", "Thursday": "11:0-22:0", "Friday": "11:0-23:0", "Saturday": "10:0-23:0", "Sunday": "10:0-21:0"}}
{"business_id": "3a80cdf4-c98c-4d6e-a941-35fec6fbf9d6", "name": "The Elegant Kitchen", "address": "9480 Christopher Stravenue Suite 783", "city": "Toronto", "state": "ON", "postal_code": "MNW Z7Q", "latitude": 37.8002705, "longitude": 166.766476, "stars": 5.0, "review_count": 304, "is_open": true, "categories": "Restaurants, Cafes, Food", "attributes": {"RestaurantsPriceRange2": "4", "WiFi": "paid", "OutdoorSeating": "True", "RestaurantsDelivery": "True", "RestaurantsTakeOut": "True"}, "hours": {"Monday": "11:0-22:0", "Tuesday": "11:0-22:0", "Wednesday": "11:0-22:0", "Thursday": "11:0-22:0", "Friday": "11:0-23:0", "Saturday": "10:0-23:0", "Sunday": "10:0-21:0"}}
{"business_id": "d7e10e56-7d66-431f-a0b2-dd18c73a0490", "name": "The River Cup", "address": "43634 Kennedy Pines", "city": "Las Vegas", "state": "NV", "postal_code": "89177", "latitude": 2.276672, "longitude": 48.440619, "stars": 4.0, "review_count": 199, "is_open": true, "categories": "Bars, Cafes, Restaurants", "attributes": {"RestaurantsPriceRange2": "3", "WiFi": "free", "OutdoorSeating": "False", "RestaurantsDelivery": "False", "RestaurantsTakeOut": "True"}, "hours": {"Monday": "11:0-22:0", "Tuesday": "11:0-22:0", "Wednesday": "11:0-22:0", "Thursday": "11:0-22:0", "Friday": "11:0-23:0", "Saturday": "10:0-23:0", "Sunday": "10:0-21:0"}}
{"business_id": "01ee1555-4d4c-4e49-97a7-5bdf6ff18ee1", "name": "Michael's Plate", "address": "4431 Leslie Summit Apt. 337", "city": "Phoenix", "state": "AZ", "postal_code": "85085", "latitude": -15.7776965, "longitude": 136.532058, "stars": 3.5, "review_count": 277, "is_open": false, "categories": "Cafes, Bars", "attributes": {"RestaurantsPriceRange2": "3", "WiFi": "no", "OutdoorSeating": "False", "RestaurantsDelivery": "False", "RestaurantsTakeOut": "False"}, "hours": {"Monday": "11:0-22:0", "Tuesday": "11:0-22:0", "Wednesday": "11:0-22:0", "Thursday": "11:0-22:0", "Friday": "11:0-23:0", "Saturday": "10:0-23:0", "Sunday": "10:0-21:0"}}
{"business_id": "0b3c9153-1db1-4408-89b3-a3ffe6d2f9b6", "name": "The Sunset Bowl", "address": "52408 Joshua Center Suite 271", "city": "Toronto", "state": "ON", "postal_code": "MMS G8M", "latitude": -86.707532, "longitude": 128.198383, "stars": 3.5, "review_count": 247, "is_open": true, "categories": "Bars, Food, Restaurants", "attributes": {"RestaurantsPriceRange2": "4", "WiFi": "paid", "OutdoorSeating": "True", "RestaurantsDelivery": "False", "RestaurantsTakeOut": "False"}, "hours": {"Monday": "11:0-22:0", "Tuesday": "11:0-22:0", "Wednesday": "11:0-22:0", "Thursday": "11:0-22:0", "Friday": "11:0-23:0", "Saturday": "10:0-23:0", "Sunday": "10:0-21:0"}}
{"business_id": "a03c7996-6e1c-45db-bfdf-de0a29c6279b", "name": "Ocean Mendoza Corner", "address": "04711 Vasquez Ports Apt. 229", "city": "Las Vegas", "state": "NV", "postal_code": "89147", "latitude": -8.4397745, "longitude": -134.268852, "stars": 4.5, "review_count": 369, "is_open": false, "categories": "Food, Cafes", "attributes": {"RestaurantsPriceRange2": "1", "WiFi": "no", "OutdoorSeating": "True", "RestaurantsDelivery": "True", "RestaurantsTakeOut": "True"}, "hours": {"Monday": "11:0-22:0", "Tuesday": "11:0-22:0", "Wednesday": "11:0-22:0", "Thursday": "11:0-22:0", "Friday": "11:0-23:0", "Saturday": "10:0-23:0", "Sunday": "10:0-21:0"}}
{"business_id": "d8602a0c-cfe0-4cf2-9d8f-7eaa2466876d", "name": "Catherine's Fork", "address": "677 Dalton Meadow", "city": "Toronto", "state": "ON", "postal_code": "MHJ W3A", "latitude": -8.025116, "longitude": 125.28062, "stars": 4.0, "review_count": 261, "is_open": true, "categories": "Cafes, Bars", "attributes": {"RestaurantsPriceRange2": "1", "WiFi": "free", "OutdoorSeating": "False", "RestaurantsDelivery": "True", "RestaurantsTakeOut": "False"}, "hours": {"Monday": "11:0-22:0", "Tuesday": "11:0-22:0", "Wednesday": "11:0-22:0", "Thursday": "11:0-22:0", "Friday": "11:0-23:0", "Saturday": "10:0-23:0", "Sunday": "10:0-21:0"}}
{"business_id": "b08a7053-a4b0-41de-b872-abe08f3c8bec", "name": "Modern Meza Cup", "address": "341 John Plaza", "city": "Toronto", "state": "ON", "postal_code": "MDN V9G", "latitude": -69.8499265, "longitude": -95.962189, "stars": 4.0, "review_count": 227, "is_open": false, "categories": "Bars", "attributes": {"RestaurantsPriceRange2": "3", "WiFi": "paid", "OutdoorSeating": "False", "RestaurantsDelivery": "False", "RestaurantsTakeOut": "False"}, "hours": {"Monday": "11:0-22:0", "Tuesday": "11:0-22:0", "Wednesday": "11:0-22:0", "Thursday": "11:0-22:0", "Friday": "11:0-23:0", "Saturday": "10:0-23:0", "Sunday": "10:0-21:0"}}
{"business_id": "4f822047-3a17-4f36-9a11-6253522e86a2", "name": "Shannon's Terrace", "address": "0344 Jones Fort Suite 936", "city": "Phoenix", "state": "AZ", "postal_code": "85006", "latitude": -59.189972, "longitude": 112.359702, "stars": 3.5, "review_count": 284, "is_open": false, "categories": "Restaurants", "attributes": {"RestaurantsPriceRange2": "2", "WiFi": "free", "OutdoorSeating": "True", "RestaurantsDelivery": "False", "RestaurantsTakeOut": "False"}, "hours": {"Monday": "11:0-22:0", "Tuesday": "11:0-22:0", "Wednesday": "11:0-22:0", "Thursday": "11:0-22:0", "Friday": "11:0-23:0", "Saturday": "10:0-23:0", "Sunday": "10:0-21:0"}}
{"business_id": "9c8630f2-6720-403a-931f-0b5b95d7cc48", "name": "Green Jones Room", "address": "9947 Taylor Hollow", "city": "Toronto", "state": "ON", "postal_code": "MPJ R3J", "latitude": 18.0475575, "longitude": -33.83894, "stars": 3.5, "review_count": 17, "is_open": true, "categories": "Bars, Restaurants, Cafes", "attributes": {"RestaurantsPriceRange2": "2", "WiFi": "paid", "OutdoorSeating": "True", "RestaurantsDelivery": "True", "RestaurantsTakeOut": "False"}, "hours": {"Monday": "11:0-22:0", "Tuesday": "11:0-22:0", "Wednesday": "11:0-22:0", "Thursday": "11:0-22:0", "Friday": "11:0-23:0", "Saturday": "10:0-23:0", "Sunday": "10:0-21:0"}}
{"business_id": "56dc261b-a801-4057-b1e6-eedc0ce2acee", "name": "The Golden Sip", "address": "5940 Jeremy Spring", "city": "Toronto", "state": "ON", "postal_code": "MIF C8F", "latitude": 64.4038345, "longitude": 135.209223, "stars": 3.5, "review_count": 255, "is_open": true, "categories": "Cafes", "attributes": {"RestaurantsPriceRange2": "2", "WiFi": "free", "OutdoorSeating": "False", "RestaurantsDelivery": "False", "RestaurantsTakeOut": "True"}, "hours": {"Monday": "11:0-22:0", "Tuesday": "11:0-22:0", "Wednesday": "11:0-22:0", "Thursday": "11:0-22:0", "Friday": "11:0-23:0", "Saturday": "10:0-23:0", "Sunday": "10:0-21:0"}}
{"business_id": "7ca4c687-9981-4fb3-b1b2-87b82cccf317", "name": "The Happy Diner", "address": "78742 Walters Overpass", "city": "Las Vegas", "state": "NV", "postal_code": "89104", "latitude": -65.5073035, "longitude": 72.33491, "stars": 4.5, "review_count": 495, "is_open": true, "categories": "Cafes, Restaurants", "attributes": {"RestaurantsPriceRange2": "2", "WiFi": "free", "OutdoorSeating": "False", "RestaurantsDelivery": "True", "RestaurantsTakeOut": "False"}, "hours": {"Monday": "11:0-22:0", "Tuesday": "11:0-22:0", "Wednesday": "11:0-22:0", "Thursday": "11:0-22:0", "Friday": "11:0-23:0", "Saturday": "10:0-23:0", "Sunday": "10:0-21:0"}}
{"business_id": "b54e1f35-9193-4408-aee7-e04ba065286f", "name": "Garden Cook", "address": "56746 Shawn Island", "city": "Phoenix", "state": "AZ", "postal_code": "85056", "latitude": -22.2472, "longitude": -6.443708, "stars": 4.0, "review_count": 40, "is_open": true, "categories": "Bars, Cafes", "attributes": {"RestaurantsPriceRange2": "1", "WiFi": "free", "OutdoorSeating": "True", "RestaurantsDelivery": "False", "RestaurantsTakeOut": "True"}, "hours": {"Monday": "11:0-22:0", "Tuesday": "11:0-22:0", "Wednesday": "11:0-22:0", "Thursday": "11:0-22:0", "Friday": "11:0-23:0", "Saturday": "10:0-23:0", "Sunday": "10:0-21:0"}}
{"business_id": "267aab87-908d-4dc3-806a-a726608178ab", "name": "The Lucky Kitchen", "address": "876 Jacob Lake", "city": "Las Vegas", "state": "NV", "postal_code": "89116", "latitude": 77.1370065, "longitude": 87.626444, "stars": 4.0, "review_count": 362, "is_open": true, "categories": "Food", "attributes": {"RestaurantsPriceRange2": "3", "WiFi": "free", "OutdoorSeating": "True", "RestaurantsDelivery": "False", "RestaurantsTakeOut": "False"}, "hours": {"Monday": "11:0-22:0", "Tuesday": "11:0-22:0", "Wednesday": "11:0-22:0", "Thursday": "11:0-22:0", "Friday": "11:0-23:0", "Saturday": "10:0-23:0", "Sunday": "10:0-21:0"}}
{"business_id": "62171b41-8d6c-4f9f-970a-3aec70bf02bb", "name": "Andrea's Corner", "address": "7109 Jennifer Inlet Apt. 861", "city": "Toronto", "state": "ON", "postal_code": "MWD N7R", "latitude": -29.682378, "longitude": -119.086025, "stars": 4.5, "review_count": 330, "is_open": true, "categories": "Restaurants, Bars", "attributes": {"RestaurantsPriceRange2": "2", "WiFi": "paid", "OutdoorSeating": "True", "RestaurantsDelivery": "True", "RestaurantsTakeOut": "True"}, "hours": {"Monday": "11:0-22:0", "Tuesday": "11:0-22:0", "Wednesday": "11:0-22:0", "Thursday": "11:0-22:0", "Friday": "11:0-23:0", "Saturday": "10:0-23:0", "Sunday": "10:0-21:0"}}
{"business_id": "2f96abdf-2d57-4f36-9721-be8d85b1631e", "name": "The Lucky Garden", "address": "4846 Baird Gardens", "city": "Phoenix", "state": "AZ", "postal_code": "85071", "latitude": 32.617684, "longitude": 115.958184, "stars": 4.0, "review_count": 432, "is_open": true, "categories": "Restaurants", "attributes": {"RestaurantsPriceRange2": "3", "WiFi": "paid", "OutdoorSeating": "True", "RestaurantsDelivery": "False", "RestaurantsTakeOut": "False"}, "hours": {"Monday": "11:0-22:0", "Tuesday": "11:0-22:0", "Wednesday": "11:0-22:0", "Thursday": "11:0-22:0", "Friday": "11:0-23:0", "Saturday": "10:0-23:0", "Sunday": "10:0-21:0"}}
{"business_id": "7283fcb4-3856-4a79-8a5b-23de98580397", "name": "Bowl Francis", "address": "46584 Justin Hills", "city": "Toronto", "state": "ON", "postal_code": "MYM M2G", "latitude": 67.5548945, "longitude": 131.343993, "stars": 3.0, "review_count": 30, "is_open": false, "categories": "Bars, Cafes", "attributes": {"RestaurantsPriceRange2": "3", "WiFi": "no", "OutdoorSeating": "False", "RestaurantsDelivery": "True", "RestaurantsTakeOut": "True"}, "hours": {"Monday": "11:0-22:0", "Tuesday": "11:0-22:0", "Wednesday": "11:0-22:0", "Thursday": "11:0-22:0", "Friday": "11:0-23:0", "Saturday": "10:0-23:0", "Sunday": "10:0-21:0"}}
{"business_id": "e8d6b705-2e61-48cd-8c4b-f3fe946617cb", "name": "The Lucky Fork", "address": "755 Gibson Islands Apt. 396", "city": "Las Vegas", "state": "NV", "postal_code": "89172", "latitude": -27.30356, "longitude": 40.533202, "stars": 4.0, "review_count": 236, "is_open": false, "categories": "Restaurants, Bars, Food", "attributes": {"RestaurantsPriceRange2": "2", "WiFi": "no", "OutdoorSeating": "False", "RestaurantsDelivery": "False", "RestaurantsTakeOut": "True"}, "hours": {"Monday": "11:0-22:0", "Tuesday": "11:0-22:0", "Wednesday": "11:0-22:0", "Thursday": "11:0-22:0", "Friday": "11:0-23:0", "Saturday": "10:0-23:0", "Sunday": "10:0-21:0"}}
{"business_id": "161741e0-2a8a-4a43-bc03-967fb4c86c23", "name": "Royal Garner House", "address": "2702 Kane Well Suite 187", "city": "Phoenix", "state": "AZ", "postal_code": "85005", "latitude": -85.8801605, "longitude": -102.607151, "stars": 4.0, "review_count": 365, "is_open": true, "categories": "Cafes, Food", "attributes": {"RestaurantsPriceRange2": "4", "WiFi": "no", "OutdoorSeating": "True", "RestaurantsDelivery": "False", "RestaurantsTakeOut": "True"}, "hours": {"Monday": "11:0-22:0", "Tuesday": "11:0-22:0", "Wednesday": "11:0-22:0", "Thursday": "11:0-22:0", "Friday": "11:0-23:0", "Saturday": "10:0-23:0", "Sunday": "10:0-21:0"}}
{"business_id": "514b9719-3396-4c6e-b533-185a9359a21a", "name": "Spoon Jones", "address": "9615 Finley Road Suite 809", "city": "Phoenix", "state": "AZ", "postal_code": "85062", "latitude": -71.6334455, "longitude": -53.958685, "stars": 4.5, "review_count": 10, "is_open": true, "categories": "Bars, Restaurants", "attributes": {"RestaurantsPriceRange2": "4", "WiFi": "paid", "OutdoorSeating": "True", "RestaurantsDelivery": "True", "RestaurantsTakeOut": "False"}, "hours": {"Monday": "11:0-22:0", "Tuesday": "11:0-22:0", "Wednesday": "11:0-22:0", "Thursday": "11:0-22:0", "Friday": "11:0-23:0", "Saturday": "10:0-23:0", "Sunday": "10:0-21:0"}}
{"business_id": "fb146093-f7d4-43fa-8062-f22b763cf965", "name": "Tiffany's Corner", "address": "2400 Flynn Hill", "city": "Toronto", "state": "ON", "postal_code": "MOV F4B", "latitude": 6.224271, "longitude": 21.241277, "stars": 4.0, "review_count": 484, "is_open": true, "categories": "Cafes, Restaurants", "attributes": {"RestaurantsPriceRange2": "4", "WiFi": "free", "OutdoorSeating": "True", "RestaurantsDelivery": "True", "RestaurantsTakeOut": "True"}, "hours": {"Monday": "11:0-22:0", "Tuesday": "11:0-22:0", "Wednesday": "11:0-22:0", "Thursday": "11:0-22:0", "Friday": "11:0-23:0", "Saturday": "10:0-23:0", "Sunday": "10:0-21:0"}}
{"business_id": "07008493-1053-41c4-ac49-094bc88ed005", "name": "The Green Cafe", "address": "692 Gregory Ridge", "city": "Phoenix", "state": "AZ", "postal_code": "85062", "latitude": 12.6884535, "longitude": 152.704469, "stars": 4.0, "review_count": 70, "is_open": true, "categories": "Restaurants, Bars, Food", "attributes": {"RestaurantsPriceRange2": "2", "WiFi": "paid", "OutdoorSeating": "False", "RestaurantsDelivery": "False", "RestaurantsTakeOut": "False"}, "hours": {"Monday": "11:0-22:0", "Tuesday": "11:0-22:0", "Wednesday": "11:0-22:0", "Thursday": "11:0-22:0", "Friday": "11:0-23:0", "Saturday": "10:0-23:0", "Sunday": "10:0-21:0"}}
{"business_id": "5f0e4df2-892a-466c-b05d-0218354466c1", "name": "Roberta's Table", "address": "74740 Santana Springs", "city": "Phoenix", "state": "AZ", "postal_code": "85037", "latitude": 56.726321, "longitude": -95.187482, "stars": 3.5, "review_count": 316, "is_open": true, "categories": "Food, Cafes", "attributes": {"RestaurantsPriceRange2": "2", "WiFi": "free", "OutdoorSeating": "False", "RestaurantsDelivery": "False", "RestaurantsTakeOut": "False"}, "hours": {"Monday": "11:0-22:0", "Tuesday": "11:0-22:0", "Wednesday": "11:0-22:0", "Thursday": "11:0-22:0", "Friday": "11:0-23:0", "Saturday": "10:0-23:0", "Sunday": "10:0-21:0"}}
{"business_id": "a9931cae-ef80-438d-9417-1eb40040eb30", "name": "Elegant Fowler Sip", "address": "474 Yvonne Walk Suite 136", "city": "Toronto", "state": "ON", "postal_code": "MCW L1T", "latitude": 63.5243295, "longitude": 12.71473, "stars": 5.0, "review_count": 260, "is_open": false, "categories": "Restaurants, Food", "attributes": {"RestaurantsPriceRange2": "4", "WiFi": "no", "OutdoorSeating": "False", "RestaurantsDelivery": "False", "RestaurantsTakeOut": "False"}, "hours": {"Monday": "11:0-22:0", "Tuesday": "11:0-22:0", "Wednesday": "11:0-22:0", "Thursday": "11:0-22:0", "Friday": "11:0-23:0", "Saturday": "10:0-23:0", "Sunday": "10:0-21:0"}}
{"business_id": "d8ebe532-bad0-440d-be96-02cf0230ea58", "name": "Tiffany's Spot", "address": "0909 Wall Heights Apt. 953", "city": "Toronto", "state": "ON", "postal_code": "MSS S9B", "latitude": 80.89081, "longitude": -77.923665, "stars": 4.0, "review_count": 129, "is_open": false, "categories": "Cafes, Food, Bars", "attributes": {"RestaurantsPriceRange2": "4", "WiFi": "free", "OutdoorSeating": "False", "RestaurantsDelivery": "False", "RestaurantsTakeOut": "False"}, "hours": {"Monday": "11:0-22:0", "Tuesday": "11:0-22:0", "Wednesday": "11:0-22:0", "Thursday": "11:0-22:0", "Friday": "11:0-23:0", "Saturday": "10:0-23:0", "Sunday": "10:0-21:0"}}
{"business_id": "f50df132-3022-4081-9780-dc956de84918", "name": "Erica's Spoon", "address": "104 Johnson Lakes", "city": "Phoenix", "state": "AZ", "postal_code": "85094", "latitude": -54.7244115, "longitude": -131.610014, "stars": 5.0, "review_count": 179, "is_open": false, "categories": "Food, Cafes, Restaurants", "attributes": {"RestaurantsPriceRange2": "4", "WiFi": "free", "OutdoorSeating": "False", "RestaurantsDelivery": "True", "RestaurantsTakeOut": "True"}, "hours": {"Monday": "11:0-22:0", "Tuesday": "11:0-22:0", "Wednesday": "11:0-22:0", "Thursday": "11:0-22:0", "Friday": "11:0-23:0", "Saturday": "10:0-23:0", "Sunday": "10:0-21:0"}}
{"business_id": "c9e41bec-416e-40ef-8285-ec2f5268397d", "name": "Ocean Burgess Bite", "address": "28588 Rivas Glens", "city": "Phoenix", "state": "AZ", "postal_code": "85045", "latitude": 39.3450415, "longitude": -21.547142, "stars": 4.0, "review_count": 342, "is_open": true, "categories": "Food, Restaurants, Cafes", "attributes": {"RestaurantsPriceRange2": "3", "WiFi": "no", "OutdoorSeating": "False", "RestaurantsDelivery": "False", "RestaurantsTakeOut": "False"}, "hours": {"Monday": "11:0-22:0", "Tuesday": "11:0-22:0", "Wednesday": "11:0-22:0", "Thursday": "11:0-22:0", "Friday": "11:0-23:0", "Saturday": "10:0-23:0", "Sunday": "10:0-21:0"}}
{"business_id": "921826bf-9801-436c-b441-d559fdfa48bc", "name": "Donald's Garden", "address": "685 Krystal Bridge", "city": "Toronto", "state": "ON", "postal_code": "MZH D5E", "latitude": -19.009941, "longitude": 108.070067, "stars": 5.0, "review_count": 392, "is_open": true, "categories": "Restaurants", "attributes": {"RestaurantsPriceRange2": "1", "WiFi": "no", "OutdoorSeating": "True", "RestaurantsDelivery": "False", "RestaurantsTakeOut": "True"}, "hours": {"Monday": "11:0-22:0", "Tuesday": "11:0-22:0", "Wednesday": "11:0-22:0", "Thursday": "11:0-22:0", "Friday": "11:0-23:0", "Saturday": "10:0-23:0", "Sunday": "10:0-21:0"}}
{"business_id": "2caf0870-7156-41d2-9afe-b26b16a4154e", "name": "Blue Chambers Garden", "address": "513 Johnson Points Suite 931", "city": "Toronto", "state": "ON", "postal_code": "MDX R1V", "latitude": 80.5649415, "longitude": 69.251732, "stars": 4.0, "review_count": 230, "is_open": true, "categories": "Restaurants, Cafes", "attributes": {"RestaurantsPriceRange2": "4", "WiFi": "no", "OutdoorSeating": "True", "RestaurantsDelivery": "True", "RestaurantsTakeOut": "True"}, "hours": {"Monday": "11:0-22:0", "Tuesday": "11:0-22:0", "Wednesday": "11:0-22:0", "Thursday": "11:0-22:0", "Friday": "11:0-23:0", "Saturday": "10:0-23:0", "Sunday": "10:0-21:0"}}
{"business_id": "5ad6272c-ef41-4f40-af30-210e5d516604", "name": "Sip Wilson", "address": "47113 Paul Land", "city": "Las Vegas", "state": "NV", "postal_code": "89146", "latitude": 89.982272, "longitude": 110.013637, "stars": 3.5, "review_count": 246, "is_open": true, "categories": "Cafes, Bars, Restaurants", "attributes": {"RestaurantsPriceRange2": "4", "WiFi": "paid", "OutdoorSeating": "True", "RestaurantsDelivery": "False", "RestaurantsTakeOut": "False"}, "hours": {"Monday": "11:0-22:0", "Tuesday": "11:0-22:0", "Wednesday": "11:0-22:0", "Thursday": "11:0-22:0", "Friday": "11:0-23:0", "Saturday": "10:0-23:0", "Sunday": "10:0-21:0"}}
{"business_id": "852872d4-3b1d-4d3d-846a-ceb21726d947", "name": "Elegant Mcclure Garden", "address": "9640 Robinson Mills", "city": "Toronto", "state": "ON", "postal_code": "MLV U6J", "latitude": -26.6189965, "longitude": 14.715587, "stars": 4.0, "review_count": 227, "is_open": true, "categories": "Food, Restaurants, Cafes", "attributes": {"RestaurantsPriceRange2": "4", "WiFi": "paid", "OutdoorSeating": "True", "RestaurantsDelivery": "False", "RestaurantsTakeOut": "False"}, "hours": {"Monday": "11:0-22:0", "Tuesday": "11:0-22:0", "Wednesday": "11:0-22:0", "Thursday": "11:0-22:0", "Friday": "11:0-23:0", "Saturday": "10:0-23:0", "Sunday": "10:0-21:0"}}
{"business_id": "38f552a7-c8a3-49b1-9be4-45424555764f", "name": "Elegant Stephens Garden", "address": "64317 Elizabeth Row Apt. 053", "city": "Las Vegas", "state": "NV", "postal_code": "89115", "latitude": -56.197566, "longitude": 123.105493, "stars": 5.0, "review_count": 161, "is_open": true, "categories": "Cafes", "attributes": {"RestaurantsPriceRange2": "4", "WiFi": "paid", "OutdoorSeating": "True", "RestaurantsDelivery": "True", "RestaurantsTakeOut": "False"}, "hours": {"Monday": "11:0-22:0", "Tuesday": "11:0-22:0", "Wednesday": "11:0-22:0", "Thursday": "11:0-22:0", "Friday": "11:0-23:0", "Saturday": "10:0-23:0", "Sunday": "10:0-21:0"}}
{"business_id": "3828f4a8-24af-4214-bfd9-8a0a1ca1830d", "name": "Maria's Place", "address": "335 Kristina Ranch", "city": "Phoenix", "state": "AZ", "postal_code": "85031", "latitude": -89.238838, "longitude": -31.139202, "stars": 4.0, "review_count": 357, "is_open": true, "categories": "Bars", "attributes": {"RestaurantsPriceRange2": "2", "WiFi": "no", "OutdoorSeating": "True", "RestaurantsDelivery": "True", "RestaurantsTakeOut": "False"}, "hours": {"Monday": "11:0-22:0", "Tuesday": "11:0-22:0", "Wednesday": "11:0-22:0", "Thursday": "11:0-22:0", "Friday": "11:0-23:0", "Saturday": "10:0-23:0", "Sunday": "10:0-21:0"}}
{"business_id": "340a4e2c-8c7b-4aaf-81e4-67f38498495c", "name": "Amber's Bistro", "address": "02053 Smith Greens", "city": "Phoenix", "state": "AZ", "postal_code": "85022", "latitude": -75.934245, "longitude": -111.947027, "stars": 5.0, "review_count": 177, "is_open": true, "categories": "Bars", "attributes": {"RestaurantsPriceRange2": "2", "WiFi": "free", "OutdoorSeating": "True", "RestaurantsDelivery": "False", "RestaurantsTakeOut": "False"}, "hours": {"Monday": "11:0-22:0", "Tuesday": "11:0-22:0", "Wednesday": "11:0-22:0", "Thursday": "11:0-22:0", "Friday": "11:0-23:0", "Saturday": "10:0-23:0", "Sunday": "10:0-21:0"}}
{"business_id": "5d9a82a5-9ccf-4055-81ea-acb1a7f3e29a", "name": "Royal Wilson Bowl", "address": "7589 Shannon Forges", "city": "Las Vegas", "state": "NV", "postal_code": "89168", "latitude": 75.1164855, "longitude": -156.718575, "stars": 5.0, "review_count": 82, "is_open": true, "categories": "Cafes, Food", "attributes": {"RestaurantsPriceRange2": "2", "WiFi": "no", "OutdoorSeating": "False", "RestaurantsDelivery": "False", "RestaurantsTakeOut": "True"}, "hours": {"Monday": "11:0-22:0", "Tuesday": "11:0-22:0", "Wednesday": "11:0-22:0", "Thursday": "11:0-22:0", "Friday": "11:0-23:0", "Saturday": "10:0-23:0", "Sunday": "10:0-21:0"}}
{"business_id": "dced38b8-83f1-4a42-ae34-3008a4a26e1c", "name": "The Classic Room", "address": "007 Simmons Coves Suite 711", "city": "Phoenix", "state": "AZ", "postal_code": "85084", "latitude": -3.533767, "longitude": 146.577194, "stars": 4.0, "review_count": 354, "is_open": true, "categories": "Bars", "attributes": {"RestaurantsPriceRange2": "4", "WiFi": "no", "OutdoorSeating": "False", "RestaurantsDelivery": "True", "RestaurantsTakeOut": "True"}, "hours": {"Monday": "11:0-22:0", "Tuesday": "11:0-22:0", "Wednesday": "11:0-22:0", "Thursday": "11:0-22:0", "Friday": "11:0-23:0", "Saturday": "10:0-23:0", "Sunday": "10:0-21:0"}}
{"business_id": "c6bb7ddc-c33a-4630-8034-3bdc999f2ef8", "name": "David's Bistro", "address": "9847 Garcia Squares Apt. 836", "city": "Phoenix", "state": "AZ", "postal_code": "85021", "latitude": 31.213348, "longitude": -57.328446, "stars": 4.0, "review_count": 247, "is_open": false, "categories": "Bars", "attributes": {"RestaurantsPriceRange2": "3", "WiFi": "no", "OutdoorSeating": "False", "RestaurantsDelivery": "True", "RestaurantsTakeOut": "True"}, "hours": {"Monday": "11:0-22:0", "Tuesday": "11:0-22:0", "Wednesday": "11:0-22:0", "Thursday": "11:0-22:0", "Friday": "11:0-23:0", "Saturday": "10:0-23:0", "Sunday": "10:0-21:0"}}
{"business_id": "1489452d-6c54-4fcc-a6d5-20029a17f699", "name": "Cafe Wilcox", "address": "1565 Brooks Drives Suite 111", "city": "Las Vegas", "state": "NV", "postal_code": "89165", "latitude": -64.973736, "longitude": 51.86194, "stars": 3.0, "review_count": 464, "is_open": true, "categories": "Bars", "attributes": {"RestaurantsPriceRange2": "4", "WiFi": "paid", "OutdoorSeating": "False", "RestaurantsDelivery": "False", "RestaurantsTakeOut": "True"}, "hours": {"Monday": "11:0-22:0", "Tuesday": "11:0-22:0", "Wednesday": "11:0-22:0", "Thursday": "11:0-22:0", "Friday": "11:0-23:0", "Saturday": "10:0-23:0", "Sunday": "10:0-21:0"}}
{"business_id": "71f29cb4-6262-44a3-9462-0f64d3a0c320", "name": "Blue Cain Room", "address": "885 Robert Well", "city": "Phoenix", "state": "AZ", "postal_code": "85015", "latitude": 88.6009855, "longitude": 47.062494, "stars": 3.5, "review_count": 237, "is_open": false, "categories": "Restaurants, Food, Bars", "attributes": {"RestaurantsPriceRange2": "3", "WiFi": "free", "OutdoorSeating": "False", "RestaurantsDelivery": "False", "RestaurantsTakeOut": "True"}, "hours": {"Monday": "11:0-22:0", "Tuesday": "11:0-22:0", "Wednesday": "11:0-22:0", "Thursday": "11:0-22:0", "Friday": "11:0-23:0", "Saturday": "10:0-23:0", "Sunday": "10:0-21:0"}}
{"business_id": "5d953aa2-87ad-4076-a5f5-0bcc9211815d", "name": "Bistro Burke", "address": "98327 Melanie Keys Suite 149", "city": "Phoenix", "state": "AZ", "postal_code": "85004", "latitude": -29.290881, "longitude": 50.377969, "stars": 4.0, "review_count": 338, "is_open": true, "categories": "Food, Restaurants", "attributes": {"RestaurantsPriceRange2": "1", "WiFi": "free", "OutdoorSeating": "False", "RestaurantsDelivery": "True", "RestaurantsTakeOut": "True"}, "hours": {"Monday": "11:0-22:0", "Tuesday": "11:0-22:0", "Wednesday": "11:0-22:0", "Thursday": "11:0-22:0", "Friday": "11:0-23:0", "Saturday": "10:0-23:0", "Sunday": "10:0-21:0"}}
{"business_id": "ae461d76-95db-4729-9c83-5f35a0a9f4a5", "name": "Dawn's Sip", "address": "402 Park Inlet", "city": "Toronto", "state": "ON", "postal_code": "MXN N8R", "latitude": 1.2209875, "longitude": 8.454266, "stars": 3.5, "review_count": 455, "is_open": true, "categories": "Restaurants", "attributes": {"RestaurantsPriceRange2": "2", "WiFi": "no", "OutdoorSeating": "True", "RestaurantsDelivery": "False", "RestaurantsTakeOut": "True"}, "hours": {"Monday": "11:0-22:0", "Tuesday": "11:0-22:0", "Wednesday": "11:0-22:0", "Thursday": "11:0-22:0", "Friday": "11:0-23:0", "Saturday": "10:0-23:0", "Sunday": "10:0-21:0"}}
{"business_id": "921b4aea-75fd-4311-a30f-f521dee42df6", "name": "The Happy Kitchen", "address": "612 Christopher Pines", "city": "Las Vegas", "state": "NV", "postal_code": "89102", "latitude": -32.250707, "longitude": 21.967833, "stars": 4.0, "review_count": 413, "is_open": true, "categories": "Bars, Restaurants, Cafes", "attributes": {"RestaurantsPriceRange2": "3", "WiFi": "free", "OutdoorSeating": "True", "RestaurantsDelivery": "False", "RestaurantsTakeOut": "True"}, "hours": {"Monday": "11:0-22:0", "Tuesday": "11:0-22:0", "Wednesday": "11:0-22:0", "Thursday": "11:0-22:0", "Friday": "11:0-23:0", "Saturday": "10:0-23:0", "Sunday": "10:0-21:0"}}
{"business_id": "02c468b4-a4a3-4df8-bbc2-60d4fbace798", "name": "The Modern Bowl", "address": "54599 Nicole Drives Apt. 901", "city": "Las Vegas", "state": "NV", "postal_code": "89167", "latitude": -16.9579495, "longitude": 57.894465, "stars": 4.5, "review_count": 272, "is_open": true, "categories": "Cafes, Bars, Restaurants", "attributes": {"RestaurantsPriceRange2": "4", "WiFi": "no", "OutdoorSeating": "True", "RestaurantsDelivery": "True", "RestaurantsTakeOut": "False"}, "hours": {"Monday": "11:0-22:0", "Tuesday": "11:0-22:0", "Wednesday": "11:0-22:0", "Thursday": "11:0-22:0", "Friday": "11:0-23:0", "Saturday": "10:0-23:0", "Sunday": "10:0-21:0"}}
{"business_id": "5c10d859-3c71-443c-8504-8739fd076f6e", "name": "Plate Lawson", "address": "3815 Rodriguez Springs Suite 840", "city": "Phoenix", "state": "AZ", "postal_code": "85067", "latitude": -30.8050325, "longitude": 32.205417, "stars": 4.0, "review_count": 261, "is_open": true, "categories": "Restaurants, Cafes, Food", "attributes": {"RestaurantsPriceRange2": "4", "WiFi": "free", "OutdoorSeating": "True", "RestaurantsDelivery": "False", "RestaurantsTakeOut": "True"}, "hours": {"Monday": "11:0-22:0", "Tuesday": "11:0-22:0", "Wednesday": "11:0-22:0", "Thursday": "11:0-22:0", "Friday": "11:0-23:0", "Saturday": "10:0-23:0", "Sunday": "10:0-21:0"}}
{"business_id": "4c75871c-481d-4e40-ba41-aeedb67de679", "name": "Valley Smith Bite", "address": "24451 Tyler Meadows Apt. 268", "city": "Las Vegas", "state": "NV", "postal_code": "89190", "latitude": -28.230126, "longitude": 88.576301, "stars": 4.0, "review_count": 242, "is_open": true, "categories": "Bars", "attributes": {"RestaurantsPriceRange2": "4", "WiFi": "free", "OutdoorSeating": "True", "RestaurantsDelivery": "True", "RestaurantsTakeOut": "False"}, "hours": {"Monday": "11:0-22:0", "Tuesday": "11:0-22:0", "Wednesday": "11:0-22:0", "Thursday": "11:0-22:0", "Friday": "11:0-23:0", "Saturday": "10:0-23:0", "Sunday": "10:0-21:0"}}
{"business_id": "6adc4a5e-dafc-4b38-b17b-48f2a42e57d9", "name": "Classic Jones Table", "address": "0715 Berry Station", "city": "Phoenix", "state": "AZ", "postal_code": "85085", "latitude": 81.8367205, "longitude": 44.247736, "stars": 4.0, "review_count": 58, "is_open": true, "categories": "Cafes", "attributes": {"RestaurantsPriceRange2": "3", "WiFi": "no", "OutdoorSeating": "False", "RestaurantsDelivery": "False", "RestaurantsTakeOut": "True"}, "hours": {"Monday": "11:0-22:0", "Tuesday": "11:0-22:0", "Wednesday": "11:0-22:0", "Thursday": "11:0-22:0", "Friday": "11:0-23:0", "Saturday": "10:0-23:0", "Sunday": "10:0-21:0"}}
{"business_id": "a6eddb5a-46c8-46cf-b387-17238c2dd71b", "name": "The Red Plate", "address": "751 Richard Gardens", "city": "Toronto", "state": "ON", "postal_code": "MHZ B4U", "latitude": 26.9510265, "longitude": 136.147866, "stars": 3.0, "review_count": 388, "is_open": true, "categories": "Restaurants, Cafes", "attributes": {"RestaurantsPriceRange2": "2", "WiFi": "no", "OutdoorSeating": "True", "RestaurantsDelivery": "False", "RestaurantsTakeOut": "True"}, "hours": {"Monday": "11:0-22:0", "Tuesday": "11:0-22:0", "Wednesday": "11:0-22:0", "Thursday": "11:0-22:0", "Friday": "11:0-23:0", "Saturday": "10:0-23:0", "Sunday": "10:0-21:0"}}
{"business_id": "5c6e5182-a02c-476d-85fe-a114237eda2d", "name": "The Mountain Bite", "address": "4535 Charles Roads", "city": "Phoenix", "state": "AZ", "postal_code": "85068", "latitude": -59.391207, "longitude": 104.866295, "stars": 4.0, "review_count": 63, "is_open": true, "categories": "Cafes, Bars", "attributes": {"RestaurantsPriceRange2": "2", "WiFi": "free", "OutdoorSeating": "False", "RestaurantsDelivery": "True", "RestaurantsTakeOut": "True"}, "hours": {"Monday": "11:0-22:0", "Tuesday": "11:0-22:0", "Wednesday": "11:0-22:0", "Thursday": "11:0-22:0", "Friday": "11:0-23:0", "Saturday": "10:0-23:0", "Sunday": "10:0-21:0"}}
{"business_id": "a75230c2-159e-4ff1-8511-713e46ffcd05", "name": "Rebecca's Plate", "address": "2312 Gonzalez Rapids Apt. 127", "city": "Phoenix", "state": "AZ", "postal_code": "85083", "latitude": 34.5414535, "longitude": 122.653181, "stars": 4.5, "review_count": 402, "is_open": true, "categories": "Bars, Restaurants, Food", "attributes": {"RestaurantsPriceRange2": "1", "WiFi": "no", "OutdoorSeating": "False", "RestaurantsDelivery": "True", "RestaurantsTakeOut": "True"}, "hours": {"Monday": "11:0-22:0", "Tuesday": "11:0-22:0", "Wednesday": "11:0-22:0", "Thursday": "11:0-22:0", "Friday": "11:0-23:0", "Saturday": "10:0-23:0", "Sunday": "10:0-21:0"}}
{"business_id": "fead1d03-0c18-40f4-9850-135391eaab49", "name": "The Lucky Diner", "address": "527 Taylor Roads Suite 490", "city": "Phoenix", "state": "AZ", "postal_code": "85097", "latitude": 4.47377, "longitude": 92.374417, "stars": 4.0, "review_count": 215, "is_open": true, "categories": "Bars, Food, Cafes", "attributes": {"RestaurantsPriceRange2": "1", "WiFi": "free", "OutdoorSeating": "True", "RestaurantsDelivery": "False", "RestaurantsTakeOut": "False"}, "hours": {"Monday": "11:0-22:0", "Tuesday": "11:0-22:0", "Wednesday": "11:0-22:0", "Thursday": "11:0-22:0", "Friday": "11:0-23:0", "Saturday": "10:0-23:0", "Sunday": "10:0-21:0"}}
{"business_id": "32a476ef-e70b-4486-a5f5-f4041dd468ea", "name": "Ocean Murray Sip", "address": "54119 Ford Plaza", "city": "Phoenix", "state": "AZ", "postal_code": "85014", "latitude": -78.9880495, "longitude": 61.448941, "stars": 4.0, "review_count": 462, "is_open": true, "categories": "Food, Cafes", "attributes": {"RestaurantsPriceRange2": "2", "WiFi": "no", "OutdoorSeating": "True", "RestaurantsDelivery": "True", "RestaurantsTakeOut": "False"}, "hours": {"Monday": "11:0-22:0", "Tuesday": "11:0-22:0", "Wednesday": "11:0-22:0", "Thursday": "11:0-22:0", "Friday": "11:0-23:0", "Saturday": "10:0-23:0", "Sunday": "10:0-21:0"}}
{"business_id": "8262dbcb-8bb9-4a04-b19f-f22d42d18bbd", "name": "Corner Morris", "address": "207 Lisa Villages Suite 182", "city": "Phoenix", "state": "AZ", "postal_code": "85093", "latitude": -79.492865, "longitude": -46.993602, "stars": 3.5, "review_count": 272, "is_open": true, "categories": "Cafes, Food, Bars", "attributes": {"RestaurantsPriceRange2": "4", "WiFi": "free", "OutdoorSeating": "False", "RestaurantsDelivery": "False", "RestaurantsTakeOut": "False"}, "hours": {"Monday": "11:0-22:0", "Tuesday": "11:0-22:0", "Wednesday": "11:0-22:0", "Thursday": "11:0-22:0", "Friday": "11:0-23:0", "Saturday": "10:0-23:0", "Sunday": "10:0-21:0"}}
{"business_id": "c4098bb5-016e-42e8-be89-88ee94e65089", "name": "The Golden Place", "address": "5466 Shelton Center", "city": "Las Vegas", "state": "NV", "postal_code": "89177", "latitude": 79.3523255, "longitude": 167.519416, "stars": 4.0, "review_count": 118, "is_open": true, "categories": "Cafes", "attributes": {"RestaurantsPriceRange2": "3", "WiFi": "paid", "OutdoorSeating": "False", "RestaurantsDelivery": "True", "RestaurantsTakeOut": "True"}, "hours": {"Monday": "11:0-22:0", "Tuesday": "11:0-22:0", "Wednesday": "11:0-22:0", "Thursday": "11:0-22:0", "Friday": "11:0-23:0", "Saturday": "10:0-23:0", "Sunday": "10:0-21:0"}}
{"business_id": "4d95f602-008a-49e2-91c5-3701acef250b", "name": "Cup Rivera", "address": "4925 Brandi Divide Suite 462", "city": "Phoenix", "state": "AZ", "postal_code": "85051", "latitude": 69.730162, "longitude": -134.516826, "stars": 4.5, "review_count": 266, "is_open": true, "categories": "Cafes, Restaurants, Bars", "attributes": {"RestaurantsPriceRange2": "3", "WiFi": "free", "OutdoorSeating": "False", "RestaurantsDelivery": "True", "RestaurantsTakeOut": "False"}, "hours": {"Monday": "11:0-22:0", "Tuesday": "11:0-22:0", "Wednesday": "11:0-22:0", "Thursday": "11:0-22:0", "Friday": "11:0-23:0", "Saturday": "10:0-23:0", "Sunday": "10:0-21:0"}}
{"business_id": "6f7978d3-5dcc-413c-9d36-de34e811c2bf", "name": "Sip Bennett", "address": "81685 Michael Falls Apt. 573", "city": "Las Vegas", "state": "NV", "postal_code": "89148", "latitude": -29.1878145, "longitude": -106.145161, "stars": 4.0, "review_count": 337, "is_open": true, "categories": "Restaurants, Food", "attributes": {"RestaurantsPriceRange2": "1", "WiFi": "paid", "OutdoorSeating": "True", "RestaurantsDelivery": "False", "RestaurantsTakeOut": "True"}, "hours": {"Monday": "11:0-22:0", "Tuesday": "11:0-22:0", "Wednesday": "11:0-22:0", "Thursday": "11:0-22:0", "Friday": "11:0-23:0", "Saturday": "10:0-23:0", "Sunday": "10:0-21:0"}}
{"business_id": "fb2db835-78ca-4a5f-96b3-fd623aae940f", "name": "Cafe Romero", "address": "592 Moore Falls", "city": "Toronto", "state": "ON", "postal_code": "MES Y2G", "latitude": 77.7024955, "longitude": -91.126838, "stars": 3.5, "review_count": 311, "is_open": true, "categories": "Bars, Restaurants", "attributes": {"RestaurantsPriceRange2": "1", "WiFi": "paid", "OutdoorSeating": "False", "RestaurantsDelivery": "False", "RestaurantsTakeOut": "True"}, "hours": {"Monday": "11:0-22:0", "Tuesday": "11:0-22:0", "Wednesday": "11:0-22:0", "Thursday": "11:0-22:0", "Friday": "11:0-23:0", "Saturday": "10:0-23:0", "Sunday": "10:0-21:0"}}
{"business_id": "71748f2d-5b9a-4dd7-8bb7-bfea0d5d7d67", "name": "The Rustic Spoon", "address": "3794 Young Garden Suite 735", "city": "Phoenix", "state": "AZ", "postal_code": "85070", "latitude": 63.1207895, "longitude": 56.543931, "stars": 3.5, "review_count": 407, "is_open": true, "categories": "Restaurants", "attributes": {"RestaurantsPriceRange2": "2", "WiFi": "free", "OutdoorSeating": "True", "RestaurantsDelivery": "True", "RestaurantsTakeOut": "False"}, "hours": {"Monday": "11:0-22:0", "Tuesday": "11:0-22:0", "Wednesday": "11:0-22:0", "Thursday": "11:0-22:0", "Friday": "11:0-23:0", "Saturday": "10:0-23:0", "Sunday": "10:0-21:0"}}
